Name,Genre,Image,Spotify,YouTube
Emel Mathlouthi,Alternative / Indie,,, 
Lotfi Bouchnak,Traditional / Folk,,, 
Badi√¢a Bouhrizi,Alternative / Indie,,, 
Abir Derbal,Pop,,, 
Bechir Lakkani,Pop,,, 
Bouchra Said,Pop,,, 
Hassane Ata,Pop,,, 
Raoudha Abdallah,Pop,,, 
Rouaida Brahmi,Pop,,, 
Carthago,Rock,,, 
Dhafer Youssef,Jazz,,, 
Jawhar,Alternative / Indie,,, 
Znous,Rock,,, 
4LFA,Hip Hop / Rap,,, 
Aveyro ave,Hip Hop / Rap,,, 
Balti,Hip Hop / Rap,,, 
Foulan,Hip Hop / Rap,,, 
Ktyb,Hip Hop / Rap,,, 
Linko,Hip Hop / Rap,,, 
Vipa,Hip Hop / Rap,,, 
XIIVI,Hip Hop / Rap,,, 
Hichem Ben Amara,Classical / Instrumental,,, 
Mohamed Marouane Dhaoui,Classical / Instrumental,,, 
Mondher Barkous,Classical / Instrumental,,, 
Mourad Cherif,Classical / Instrumental,,, 
Mourad Toumi,Classical / Instrumental,,, 
Rassem Dammak,Classical / Instrumental,,, 
Sabri Ouni,Classical / Instrumental,,, 
Anouar Brahem,Classical / Instrumental,,, 
Ahmed Mejri,Alternative / Indie,,, 
Kais Zairi,Alternative / Indie,,, 
Sami Jelassi,Alternative / Indie,,, 
Brood of Hatred,Rock,,, 
Myrath,Rock,,, 
Dorsaf Hamdani,Traditional / Folk,,, 
Raoul Journo,Traditional / Folk,,, 
Badria Essaied,Pop,,, 
Ghada Maatouk,Pop,,, 
Ichraq Qamar,Pop,,, 
Neshez,Pop,,, 
Latifa,Pop,,, 
Oumaima Taleb,Pop,,, 
zemeken,Rock,,, 
JenJoon,Hip Hop / Rap,,, 
Kaso,Hip Hop / Rap,,, 
Sanfara,Hip Hop / Rap,,, 
El Ghostman,Reggae / Dub,,, 
Abir Kelai,Soundtracks / Scores,,, 
Ahmed Rebai,Soundtracks / Scores,,, 
Bachir Ben Hammouda,Soundtracks / Scores,,, 
Chadi Achhab,Soundtracks / Scores,,, 
Chokri Omar Hannachi,Soundtracks / Scores,,, 
Fouad Bechikh,Soundtracks / Scores,,, 
Jawhar Saidi,Soundtracks / Scores,,, 
Jihane Jelassi,Soundtracks / Scores,,, 
Khaled Kassem,Soundtracks / Scores,,, 
Khemaies Dhaouadi,Soundtracks / Scores,,, 
Moez Bou Slah,Soundtracks / Scores,,, 
Mohamed Amine Bourguiba,Soundtracks / Scores,,, 
Mongia Sfaxi,Soundtracks / Scores,,, 
Nabil Boudhina,Soundtracks / Scores,,, 
Rihab Sghaier,Soundtracks / Scores,,, 
Saifeddine Tebbini,Soundtracks / Scores,,, 
Sourour Hammami,Soundtracks / Scores,,, 
Tarek Tarjet,Soundtracks / Scores,,, 
Emel Mathlouthi,Alternative / Indie,,, 
Deena Abdelwahed,Electronic,,, 
HearThuG,Electronic,,, 
PEROX,Electronic,,, 
STOU,Hip Hop / Rap,,,
